index,token,count,tag,frequency,neg,neu,pos,compound
0,is,52,VBZ,0.030498533724340176,0.0,1.0,0.0,0.0
1,the,184,DT,0.10791788856304986,0.0,1.0,0.0,0.0
2,sun,23,NN,0.013489736070381233,0.0,1.0,0.0,0.0
3,spinning,4,VBG,0.002346041055718475,0.0,1.0,0.0,0.0
4,around,15,IN,0.008797653958944282,0.0,1.0,0.0,0.0
5,a,43,DT,0.025219941348973606,0.0,0.0,0.0,0.0
6,giant,4,JJ,0.002346041055718475,0.0,1.0,0.0,0.0
7,black,12,JJ,0.007038123167155425,0.0,1.0,0.0,0.0
8,hole,12,NN,0.007038123167155425,0.0,1.0,0.0,0.0
9,no,4,DT,0.002346041055718475,1.0,0.0,0.0,-0.296
13,not,14,RB,0.008211143695014663,0.0,1.0,0.0,0.0
23,part,1,NN,0.0005865102639296188,0.0,1.0,0.0,0.0
24,of,66,IN,0.03870967741935484,0.0,1.0,0.0,0.0
26,milky,33,JJ,0.01935483870967742,0.0,1.0,0.0,0.0
27,way,35,NN,0.020527859237536656,0.0,1.0,0.0,0.0
28,galaxy,30,NN,0.017595307917888565,0.0,1.0,0.0,0.0
29,which,9,WDT,0.005278592375366569,0.0,1.0,0.0,0.0
32,barred,1,JJ,0.0005865102639296188,0.0,1.0,0.0,0.0
33,spiral,2,JJ,0.0011730205278592375,0.0,1.0,0.0,0.0
35,with,10,IN,0.005865102639296188,0.0,1.0,0.0,0.0
37,central,1,JJ,0.0005865102639296188,0.0,1.0,0.0,0.0
38,bulge,2,NN,0.0011730205278592375,0.0,1.0,0.0,0.0
40,disk,2,NN,0.0011730205278592375,0.0,1.0,0.0,0.0
41,and,55,CC,0.03225806451612903,0.0,1.0,0.0,0.0
43,arms,1,NNS,0.0005865102639296188,0.0,1.0,0.0,0.0
44,at,3,IN,0.0017595307917888563,0.0,1.0,0.0,0.0
46,center,11,NN,0.0064516129032258064,0.0,1.0,0.0,0.0
52,there,5,EX,0.002932551319648094,0.0,1.0,0.0,0.0
55,supermassive,4,JJ,0.002346041055718475,0.0,1.0,0.0,0.0
58,called,4,VBN,0.002346041055718475,0.0,1.0,0.0,0.0
59,sagittarius,3,PDT,0.0017595307917888563,0.0,1.0,0.0,0.0
61,but,5,CC,0.002932551319648094,0.0,1.0,0.0,0.0
66,orbiting,3,VBG,0.0017595307917888563,0.0,1.0,0.0,0.0
67,this,11,DT,0.0064516129032258064,0.0,1.0,0.0,0.0
70,instead,4,RB,0.002346041055718475,0.0,1.0,0.0,0.0
73,orbits,4,VBZ,0.002346041055718475,0.0,1.0,0.0,0.0
81,along,1,IN,0.0005865102639296188,0.0,1.0,0.0,0.0
84,other,8,JJ,0.00469208211143695,0.0,1.0,0.0,0.0
85,stars,4,NNS,0.002346041055718475,0.0,1.0,0.0,0.0
87,objects,5,NNS,0.002932551319648094,0.0,1.0,0.0,0.0
88,in,32,IN,0.0187683284457478,0.0,1.0,0.0,0.0
92,speed,1,NN,0.0005865102639296188,0.0,1.0,0.0,0.0
96,orbit,13,NN,0.007624633431085044,0.0,1.0,0.0,0.0
103,approximately,2,RB,0.0011730205278592375,0.0,1.0,0.0,0.0
104,220,1,JJ,0.0005865102639296188,0.0,1.0,0.0,0.0
105,km/s,1,NN,0.0005865102639296188,0.0,1.0,0.0,0.0
107,it,18,PRP,0.010557184750733138,0.0,1.0,0.0,0.0
108,takes,1,VBZ,0.0005865102639296188,0.0,1.0,0.0,0.0
109,about,4,IN,0.002346041055718475,0.0,1.0,0.0,0.0
110,225-250,1,CD,0.0005865102639296188,0.0,1.0,0.0,0.0
111,million,4,CD,0.002346041055718475,0.0,1.0,0.0,0.0
112,years,8,NNS,0.00469208211143695,0.0,1.0,0.0,0.0
113,for,8,IN,0.00469208211143695,0.0,1.0,0.0,0.0
116,to,32,TO,0.0187683284457478,0.0,1.0,0.0,0.0
117,complete,1,VB,0.0005865102639296188,0.0,1.0,0.0,0.0
118,one,6,CD,0.0035190615835777126,0.0,1.0,0.0,0.0
123,website,4,NN,0.002346041055718475,0.0,1.0,0.0,0.0
126,visual,1,JJ,0.0005865102639296188,0.0,1.0,0.0,0.0
129,yes,2,NN,0.0011730205278592375,0.0,0.0,1.0,0.4019
131,are,16,VBP,0.0093841642228739,0.0,1.0,0.0,0.0
132,many,2,JJ,0.0011730205278592375,0.0,1.0,0.0,0.0
133,websites,1,NNS,0.0005865102639296188,0.0,1.0,0.0,0.0
134,that,22,IN,0.012903225806451613,0.0,1.0,0.0,0.0
135,provide,1,VBP,0.0005865102639296188,0.0,1.0,0.0,0.0
136,visualizations,1,NNS,0.0005865102639296188,0.0,1.0,0.0,0.0
145,location,3,NN,0.0017595307917888563,0.0,1.0,0.0,0.0
146,within,6,IN,0.0035190615835777126,0.0,1.0,0.0,0.0
149,such,3,JJ,0.0017595307917888563,0.0,1.0,0.0,0.0
153,``,4,``,0.002346041055718475,0.0,1.0,0.0,0.0
157,explorer,1,NN,0.0005865102639296188,0.0,1.0,0.0,0.0
159,allows,1,VBZ,0.0005865102639296188,0.0,1.0,0.0,0.0
160,you,16,PRP,0.0093841642228739,0.0,1.0,0.0,0.0
162,explore,1,VB,0.0005865102639296188,0.0,1.0,0.0,0.0
164,3d,1,CD,0.0005865102639296188,0.0,1.0,0.0,0.0
165,model,1,NN,0.0005865102639296188,0.0,1.0,0.0,0.0
172,zoom,1,NN,0.0005865102639296188,0.0,1.0,0.0,0.0
174,on,10,IN,0.005865102639296188,0.0,1.0,0.0,0.0
176,position,4,NN,0.002346041055718475,0.0,1.0,0.0,0.0
183,can,9,MD,0.005278592375366569,0.0,1.0,0.0,0.0
184,also,4,RB,0.002346041055718475,0.0,1.0,0.0,0.0
185,see,2,VB,0.0011730205278592375,0.0,1.0,0.0,0.0
201,another,1,DT,0.0005865102639296188,0.0,1.0,0.0,0.0
204,nasa,1,JJ,0.0005865102639296188,0.0,1.0,0.0,0.0
205,eyes,1,NNS,0.0005865102639296188,0.0,1.0,0.0,0.0
206,provides,2,VBZ,0.0011730205278592375,0.0,1.0,0.0,0.0
208,variety,2,NN,0.0011730205278592375,0.0,1.0,0.0,0.0
210,interactive,1,JJ,0.0005865102639296188,0.0,1.0,0.0,0.0
211,simulations,2,NNS,0.0011730205278592375,0.0,1.0,0.0,0.0
214,solar,3,JJ,0.0017595307917888563,0.0,1.0,0.0,0.0
215,system,3,NN,0.0017595307917888563,0.0,1.0,0.0,0.0
222,celestial,1,JJ,0.0005865102639296188,0.0,1.0,0.0,0.0
223,bodies,1,NNS,0.0005865102639296188,0.0,1.0,0.0,0.0
224,these,8,DT,0.00469208211143695,0.0,1.0,0.0,0.0
226,allow,1,VBP,0.0005865102639296188,0.0,0.0,1.0,0.2263
231,relative,2,JJ,0.0011730205278592375,0.0,1.0,0.0,0.0
232,positions,1,NNS,0.0005865102639296188,0.0,1.0,0.0,0.0
234,movements,1,NNS,0.0005865102639296188,0.0,1.0,0.0,0.0
238,space,3,NN,0.0017595307917888563,0.0,1.0,0.0,0.0
239,including,2,VBG,0.0011730205278592375,0.0,1.0,0.0,0.0
248,additionally,1,RB,0.0005865102639296188,0.0,1.0,0.0,0.0
250,european,1,JJ,0.0005865102639296188,0.0,1.0,0.0,0.0
252,agency,1,NN,0.0005865102639296188,0.0,1.0,0.0,0.0
254,gaia,1,JJ,0.0005865102639296188,0.0,1.0,0.0,0.0
255,mission,1,NN,0.0005865102639296188,0.0,1.0,0.0,0.0
258,high-precision,1,JJ,0.0005865102639296188,0.0,1.0,0.0,0.0
259,map,1,NN,0.0005865102639296188,0.0,1.0,0.0,0.0
268,be,10,VB,0.005865102639296188,0.0,1.0,0.0,0.0
269,visualized,1,VBN,0.0005865102639296188,0.0,1.0,0.0,0.0
271,their,2,PRP$,0.0011730205278592375,0.0,1.0,0.0,0.0
273,what,2,WP,0.0011730205278592375,0.0,1.0,0.0,0.0
279,spiralling,1,VBG,0.0005865102639296188,0.0,1.0,0.0,0.0
287,spiraling,1,VBG,0.0005865102639296188,0.0,1.0,0.0,0.0
289,any,4,DT,0.002346041055718475,0.0,1.0,0.0,0.0
290,particular,1,JJ,0.0005865102639296188,0.0,1.0,0.0,0.0
291,object,2,NN,0.0011730205278592375,0.0,1.0,0.0,0.0
292,or,20,CC,0.011730205278592375,0.0,1.0,0.0,0.0
293,point,2,NN,0.0011730205278592375,0.0,1.0,0.0,0.0
299,as,17,IN,0.00997067448680352,0.0,1.0,0.0,0.0
301,whole,8,NN,0.00469208211143695,0.0,1.0,0.0,0.0
303,rotating,1,VBG,0.0005865102639296188,0.0,1.0,0.0,0.0
307,its,4,PRP$,0.002346041055718475,0.0,1.0,0.0,0.0
308,own,1,JJ,0.0005865102639296188,0.0,1.0,0.0,0.0
317,contains,2,VBZ,0.0011730205278592375,0.0,1.0,0.0,0.0
326,has,6,VBZ,0.0035190615835777126,0.0,1.0,0.0,0.0
328,mass,1,NN,0.0005865102639296188,0.0,1.0,0.0,0.0
331,4,1,CD,0.0005865102639296188,0.0,0.0,0.0,0.0
333,times,1,NNS,0.0005865102639296188,0.0,1.0,0.0,0.0
350,moving,4,VBG,0.002346041055718475,0.0,1.0,0.0,0.0
352,various,7,JJ,0.004105571847507331,0.0,1.0,0.0,0.0
356,galactic,1,JJ,0.0005865102639296188,0.0,1.0,0.0,0.0
361,influenced,1,VBN,0.0005865102639296188,0.0,1.0,0.0,0.0
362,by,4,IN,0.002346041055718475,0.0,1.0,0.0,0.0
364,gravity,1,NN,0.0005865102639296188,0.0,1.0,0.0,0.0
368,components,3,NNS,0.0017595307917888563,0.0,1.0,0.0,0.0
380,dark,1,JJ,0.0005865102639296188,0.0,1.0,0.0,0.0
381,matter,4,NN,0.002346041055718475,0.0,0.0,1.0,0.0258
382,halo,1,VBD,0.0005865102639296188,0.0,1.0,0.0,0.0
384,exact,1,JJ,0.0005865102639296188,0.0,1.0,0.0,0.0
385,details,1,NNS,0.0005865102639296188,0.0,1.0,0.0,0.0
390,complex,1,JJ,0.0005865102639296188,0.0,1.0,0.0,0.0
393,vary,3,VB,0.0017595307917888563,0.0,1.0,0.0,0.0
394,depending,1,VBG,0.0005865102639296188,0.0,1.0,0.0,0.0
399,velocity,1,NN,0.0005865102639296188,0.0,1.0,0.0,0.0
401,each,1,DT,0.0005865102639296188,0.0,1.0,0.0,0.0
402,individual,1,JJ,0.0005865102639296188,0.0,1.0,0.0,0.0
404,overall,4,IN,0.002346041055718475,0.0,1.0,0.0,0.0
406,rotation,1,NN,0.0005865102639296188,0.0,1.0,0.0,0.0
413,an,1,DT,0.0005865102639296188,0.0,1.0,0.0,0.0
414,important,2,JJ,0.0011730205278592375,0.0,0.0,1.0,0.2023
415,factor,1,NN,0.0005865102639296188,0.0,1.0,0.0,0.0
417,shaping,1,VBG,0.0005865102639296188,0.0,1.0,0.0,0.0
419,structure,4,NN,0.002346041055718475,0.0,1.0,0.0,0.0
421,dynamics,1,NNS,0.0005865102639296188,0.0,0.0,1.0,0.2732
423,scientists,1,NNS,0.0005865102639296188,0.0,1.0,0.0,0.0
424,continue,1,VBP,0.0005865102639296188,0.0,1.0,0.0,0.0
426,study,2,VB,0.0011730205278592375,0.0,1.0,0.0,0.0
429,order,3,NN,0.0017595307917888563,0.0,1.0,0.0,0.0
431,better,1,JJR,0.0005865102639296188,0.0,0.0,1.0,0.4404
432,understand,2,VB,0.0011730205278592375,0.0,1.0,0.0,0.0
437,place,1,NN,0.0005865102639296188,0.0,1.0,0.0,0.0
440,universe,11,NN,0.0064516129032258064,0.0,1.0,0.0,0.0
445,expanding,13,VBG,0.007624633431085044,0.0,1.0,0.0,0.0
447,collapsing,10,VBG,0.005865102639296188,1.0,0.0,0.0,-0.296
458,sense,3,NN,0.0017595307917888563,0.0,1.0,0.0,0.0
469,state,4,NN,0.002346041055718475,0.0,1.0,0.0,0.0
471,dynamical,2,JJ,0.0011730205278592375,0.0,0.0,1.0,0.296
472,equilibrium,2,NN,0.0011730205278592375,0.0,1.0,0.0,0.0
473,meaning,2,NN,0.0011730205278592375,0.0,1.0,0.0,0.0
476,gravitational,8,JJ,0.00469208211143695,0.0,1.0,0.0,0.0
477,forces,4,NNS,0.002346041055718475,0.0,1.0,0.0,0.0
478,between,8,IN,0.00469208211143695,0.0,1.0,0.0,0.0
486,balanced,2,VBN,0.0011730205278592375,0.0,1.0,0.0,0.0
491,net,2,JJ,0.0011730205278592375,0.0,1.0,0.0,0.0
492,motion,7,NN,0.004105571847507331,0.0,1.0,0.0,0.0
499,however,5,RB,0.002932551319648094,0.0,1.0,0.0,0.0
504,constantly,3,RB,0.0017595307917888563,0.0,1.0,0.0,0.0
505,changing,3,VBG,0.0017595307917888563,0.0,1.0,0.0,0.0
507,evolving,3,VBG,0.0017595307917888563,0.0,1.0,0.0,0.0
508,over,17,IN,0.00997067448680352,0.0,1.0,0.0,0.0
509,time,13,NN,0.007624633431085044,0.0,1.0,0.0,0.0
512,born,2,VBN,0.0011730205278592375,0.0,1.0,0.0,0.0
514,die,1,JJ,0.0005865102639296188,1.0,0.0,0.0,-0.5994
517,distribution,2,NN,0.0011730205278592375,0.0,1.0,0.0,0.0
524,change,5,VB,0.002932551319648094,0.0,1.0,0.0,0.0
525,due,5,JJ,0.002932551319648094,0.0,1.0,0.0,0.0
527,interactions,3,NNS,0.0017595307917888563,0.0,1.0,0.0,0.0
530,galaxies,6,NNS,0.0035190615835777126,0.0,1.0,0.0,0.0
533,effects,2,NNS,0.0011730205278592375,0.0,1.0,0.0,0.0
538,changes,8,NNS,0.00469208211143695,0.0,1.0,0.0,0.0
540,cause,3,VB,0.0017595307917888563,0.0,1.0,0.0,0.0
542,shape,4,NN,0.002346041055718475,0.0,1.0,0.0,0.0
549,evolve,2,VB,0.0011730205278592375,0.0,1.0,0.0,0.0
551,they,4,PRP,0.002346041055718475,0.0,1.0,0.0,0.0
552,do,3,VBP,0.0017595307917888563,0.0,1.0,0.0,0.0
554,necessarily,2,RB,0.0011730205278592375,0.0,1.0,0.0,0.0
555,mean,2,VB,0.0011730205278592375,0.0,1.0,0.0,0.0
567,general,2,JJ,0.0011730205278592375,0.0,1.0,0.0,0.0
572,thought,1,VBN,0.0005865102639296188,0.0,1.0,0.0,0.0
576,relatively,5,RB,0.002932551319648094,0.0,1.0,0.0,0.0
577,stable,2,JJ,0.0011730205278592375,0.0,0.0,1.0,0.296
579,mature,1,JJ,0.0005865102639296188,0.0,0.0,1.0,0.4215
583,well-defined,1,JJ,0.0005865102639296188,0.0,1.0,0.0,0.0
587,long,3,JJ,0.0017595307917888563,0.0,1.0,0.0,0.0
588,history,1,NN,0.0005865102639296188,0.0,1.0,0.0,0.0
590,star,1,NN,0.0005865102639296188,0.0,1.0,0.0,0.0
591,formation,1,NN,0.0005865102639296188,0.0,1.0,0.0,0.0
593,evolution,2,NN,0.0011730205278592375,0.0,1.0,0.0,0.0
594,while,3,IN,0.0017595307917888563,0.0,1.0,0.0,0.0
596,may,4,MD,0.002346041055718475,0.0,1.0,0.0,0.0
597,experience,1,VB,0.0005865102639296188,0.0,1.0,0.0,0.0
598,some,1,DT,0.0005865102639296188,0.0,1.0,0.0,0.0
605,currently,1,RB,0.0005865102639296188,0.0,1.0,0.0,0.0
606,undergoing,3,VBG,0.0017595307917888563,0.0,1.0,0.0,0.0
608,major,1,JJ,0.0005865102639296188,0.0,1.0,0.0,0.0
609,expansion,6,NN,0.0035190615835777126,0.0,1.0,0.0,0.0
611,collapse,2,NN,0.0011730205278592375,1.0,0.0,0.0,-0.4939
612,feedback,2,VBP,0.0011730205278592375,0.0,1.0,0.0,0.0
613,i,6,NN,0.0035190615835777126,0.0,0.0,0.0,0.0
614,think,1,VBP,0.0005865102639296188,0.0,1.0,0.0,0.0
617,have,5,VBP,0.002932551319648094,0.0,1.0,0.0,0.0
618,made,1,VBN,0.0005865102639296188,0.0,1.0,0.0,0.0
619,two,1,CD,0.0005865102639296188,0.0,1.0,0.0,0.0
620,mistakes,1,NNS,0.0005865102639296188,1.0,0.0,0.0,-0.3612
623,conversation,1,NN,0.0005865102639296188,0.0,1.0,0.0,0.0
624,first,2,RB,0.0011730205278592375,0.0,1.0,0.0,0.0
626,asked,1,VBN,0.0005865102639296188,0.0,1.0,0.0,0.0
628,if,2,IN,0.0011730205278592375,0.0,1.0,0.0,0.0
631,was,2,VBD,0.0011730205278592375,0.0,1.0,0.0,0.0
640,said,1,VBD,0.0005865102639296188,0.0,1.0,0.0,0.0
644,answer,2,NN,0.0011730205278592375,0.0,1.0,0.0,0.0
651,mily,1,JJ,0.0005865102639296188,0.0,1.0,0.0,0.0
659,spins,2,NNS,0.0011730205278592375,0.0,1.0,0.0,0.0
662,milkyway,3,NN,0.0017595307917888563,0.0,1.0,0.0,0.0
666,ergo,1,VBZ,0.0005865102639296188,0.0,1.0,0.0,0.0
675,secondly,1,RB,0.0005865102639296188,0.0,1.0,0.0,0.0
677,making,1,VBG,0.0005865102639296188,0.0,1.0,0.0,0.0
678,assumptions,1,NNS,0.0005865102639296188,0.0,1.0,0.0,0.0
683,n't,2,RB,0.0011730205278592375,0.0,1.0,0.0,0.0
687,humans,1,NNS,0.0005865102639296188,0.0,1.0,0.0,0.0
688,we,4,PRP,0.002346041055718475,0.0,1.0,0.0,0.0
691,capable,1,JJ,0.0005865102639296188,0.0,0.0,1.0,0.3818
693,meassuring,1,VBG,0.0005865102639296188,0.0,1.0,0.0,0.0
701,because,2,IN,0.0011730205278592375,0.0,1.0,0.0,0.0
703,lack,1,VBP,0.0005865102639296188,1.0,0.0,0.0,-0.3182
705,tools,1,NNS,0.0005865102639296188,0.0,1.0,0.0,0.0
707,doesnt,1,VBD,0.0005865102639296188,0.0,1.0,0.0,0.0
708,follow,1,VB,0.0005865102639296188,0.0,1.0,0.0,0.0
716,just,1,RB,0.0005865102639296188,0.0,1.0,0.0,0.0
717,follows,1,VBZ,0.0005865102639296188,0.0,1.0,0.0,0.0
719,more,2,JJR,0.0011730205278592375,0.0,1.0,0.0,0.0
720,information,1,NN,0.0005865102639296188,0.0,1.0,0.0,0.0
722,required,1,VBN,0.0005865102639296188,0.0,1.0,0.0,0.0
724,determine,1,VB,0.0005865102639296188,0.0,1.0,0.0,0.0
726,thank,2,VB,0.0011730205278592375,0.0,0.0,1.0,0.3612
729,your,2,PRP$,0.0011730205278592375,0.0,1.0,0.0,0.0
733,correct,2,JJ,0.0011730205278592375,0.0,1.0,0.0,0.0
759,includes,1,VBZ,0.0005865102639296188,0.0,1.0,0.0,0.0
766,apologize,2,VBP,0.0011730205278592375,0.0,0.0,1.0,0.1027
769,confusion,2,NN,0.0011730205278592375,1.0,0.0,0.0,-0.296
770,caused,2,VBN,0.0011730205278592375,0.0,1.0,0.0,0.0
772,my,4,PRP$,0.002346041055718475,0.0,1.0,0.0,0.0
773,previous,3,JJ,0.0017595307917888563,0.0,1.0,0.0,0.0
774,response,4,NN,0.002346041055718475,0.0,1.0,0.0,0.0
775,regarding,1,VBG,0.0005865102639296188,0.0,1.0,0.0,0.0
803,measured,1,VBN,0.0005865102639296188,0.0,1.0,0.0,0.0
804,through,2,IN,0.0011730205278592375,0.0,1.0,0.0,0.0
806,techniques,2,NNS,0.0011730205278592375,0.0,1.0,0.0,0.0
808,should,1,MD,0.0005865102639296188,0.0,1.0,0.0,0.0
810,been,3,VBN,0.0017595307917888563,0.0,1.0,0.0,0.0
811,clearer,1,VBN,0.0005865102639296188,0.0,1.0,0.0,0.0
828,same,2,JJ,0.0011730205278592375,0.0,1.0,0.0,0.0
835,still,3,RB,0.0017595307917888563,0.0,1.0,0.0,0.0
838,forms,1,NNS,0.0005865102639296188,0.0,1.0,0.0,0.0
848,bringing,1,VBG,0.0005865102639296188,0.0,1.0,0.0,0.0
852,attention,1,NN,0.0005865102639296188,0.0,1.0,0.0,0.0
855,believe,1,VB,0.0005865102639296188,0.0,1.0,0.0,0.0
858,mistaken,1,VBN,0.0005865102639296188,1.0,0.0,0.0,-0.3612
863,able,1,JJ,0.0005865102639296188,0.0,1.0,0.0,0.0
865,meassure,2,VB,0.0011730205278592375,0.0,1.0,0.0,0.0
866,minute,1,NN,0.0005865102639296188,0.0,1.0,0.0,0.0
871,could,3,MD,0.0017595307917888563,0.0,1.0,0.0,0.0
874,so,2,RB,0.0011730205278592375,0.0,1.0,0.0,0.0
875,slowly,2,RB,0.0011730205278592375,0.0,1.0,0.0,0.0
878,would,1,MD,0.0005865102639296188,0.0,1.0,0.0,0.0
879,take,1,VB,0.0005865102639296188,0.0,1.0,0.0,0.0
880,hundreds,1,NNS,0.0005865102639296188,0.0,1.0,0.0,0.0
882,millions,4,NNS,0.002346041055718475,0.0,1.0,0.0,0.0
890,havent,1,VBP,0.0005865102639296188,0.0,1.0,0.0,0.0
896,without,1,IN,0.0005865102639296188,0.0,1.0,0.0,0.0
897,reasonable,1,JJ,0.0005865102639296188,0.0,1.0,0.0,0.0
898,doubt,1,NN,0.0005865102639296188,1.0,0.0,0.0,-0.3612
915,earths,1,JJ,0.0005865102639296188,0.0,1.0,0.0,0.0
916,distance,12,NN,0.007038123167155425,0.0,1.0,0.0,0.0
917,from,4,IN,0.002346041055718475,0.0,1.0,0.0,0.0
920,changed,1,VBD,0.0005865102639296188,0.0,1.0,0.0,0.0
923,centuries,1,NNS,0.0005865102639296188,0.0,1.0,0.0,0.0
924,even,1,RB,0.0005865102639296188,0.0,1.0,0.0,0.0
925,milimetrically,1,RB,0.0005865102639296188,0.0,1.0,0.0,0.0
927,make,1,VBP,0.0005865102639296188,0.0,1.0,0.0,0.0
929,valid,1,JJ,0.0005865102639296188,0.0,1.0,0.0,0.0
932,small,3,JJ,0.0017595307917888563,0.0,1.0,0.0,0.0
945,difficult,1,JJ,0.0005865102639296188,1.0,0.0,0.0,-0.3612
947,measure,1,VB,0.0005865102639296188,0.0,1.0,0.0,0.0
949,our,1,PRP$,0.0005865102639296188,0.0,1.0,0.0,0.0
950,current,3,JJ,0.0017595307917888563,0.0,1.0,0.0,0.0
951,technology,1,NN,0.0005865102639296188,0.0,1.0,0.0,0.0
954,possible,1,JJ,0.0005865102639296188,0.0,1.0,0.0,0.0
972,detected,1,VBN,0.0005865102639296188,0.0,1.0,0.0,0.0
975,yet,1,RB,0.0005865102639296188,0.0,1.0,0.0,0.0
990,question,1,NN,0.0005865102639296188,0.0,1.0,0.0,0.0
995,earth,13,NN,0.007624633431085044,0.0,1.0,0.0,0.0
999,does,1,VBZ,0.0005865102639296188,0.0,1.0,0.0,0.0
1001,slightly,1,RB,0.0005865102639296188,0.0,1.0,0.0,0.0
1007,number,1,NN,0.0005865102639296188,0.0,0.0,1.0,0.0772
1009,factors,4,NNS,0.002346041055718475,0.0,1.0,0.0,0.0
1012,elliptical,1,JJ,0.0005865102639296188,0.0,1.0,0.0,0.0
1021,influence,1,NN,0.0005865102639296188,0.0,1.0,0.0,0.0
1040,few,2,JJ,0.0011730205278592375,0.0,1.0,0.0,0.0
1041,meters,1,NNS,0.0005865102639296188,0.0,1.0,0.0,0.0
1043,less,1,JJR,0.0005865102639296188,0.0,1.0,0.0,0.0
1046,occur,2,VBP,0.0011730205278592375,0.0,1.0,0.0,0.0
1049,periods,2,NNS,0.0011730205278592375,0.0,1.0,0.0,0.0
1052,typically,2,RB,0.0011730205278592375,0.0,1.0,0.0,0.0
1053,thousands,2,NNS,0.0011730205278592375,0.0,1.0,0.0,0.0
1067,remains,1,VBZ,0.0005865102639296188,0.0,1.0,0.0,0.0
1072,short,1,JJ,0.0005865102639296188,0.0,1.0,0.0,0.0
1073,term,1,NN,0.0005865102639296188,0.0,1.0,0.0,0.0
1079,variations,3,NNS,0.0017595307917888563,0.0,1.0,0.0,0.0
1081,generally,2,RB,0.0011730205278592375,0.0,1.0,0.0,0.0
1082,considered,2,VBN,0.0011730205278592375,0.0,1.0,0.0,0.0
1083,negligible,1,JJ,0.0005865102639296188,0.0,1.0,0.0,0.0
1085,most,4,JJS,0.002346041055718475,0.0,1.0,0.0,0.0
1086,practical,1,JJ,0.0005865102639296188,0.0,1.0,0.0,0.0
1087,purposes,1,NNS,0.0005865102639296188,0.0,1.0,0.0,0.0
1090,past,2,JJ,0.0011730205278592375,0.0,1.0,0.0,0.0
1097,gotten,1,VB,0.0005865102639296188,0.0,1.0,0.0,0.0
1098,closer,1,RBR,0.0005865102639296188,0.0,1.0,0.0,0.0
1100,farther,1,RBR,0.0005865102639296188,0.0,1.0,0.0,0.0
1104,im,2,NN,0.0011730205278592375,0.0,1.0,0.0,0.0
1106,talking,2,VBG,0.0011730205278592375,0.0,1.0,0.0,0.0
1118,coherent,1,NN,0.0005865102639296188,0.0,1.0,0.0,0.0
1126,example,1,NN,0.0005865102639296188,0.0,1.0,0.0,0.0
1127,when,1,WRB,0.0005865102639296188,0.0,1.0,0.0,0.0
1131,closest,1,JJS,0.0005865102639296188,0.0,1.0,0.0,0.0
1141,minimum,2,JJ,0.0011730205278592375,0.0,1.0,0.0,0.0
1149,ago,2,RB,0.0011730205278592375,0.0,1.0,0.0,0.0
1150,greater,1,JJR,0.0005865102639296188,0.0,0.0,1.0,0.3612
1152,smaller,1,JJR,0.0005865102639296188,0.0,1.0,0.0,0.0
1153,than,2,IN,0.0011730205278592375,0.0,1.0,0.0,0.0
1160,today,1,NN,0.0005865102639296188,0.0,1.0,0.0,0.0
1175,varied,1,VBN,0.0005865102639296188,0.0,1.0,0.0,0.0
1186,trend,2,NN,0.0011730205278592375,0.0,1.0,0.0,0.0
1189,toward,2,IN,0.0011730205278592375,0.0,1.0,0.0,0.0
1190,increasing,3,VBG,0.0017595307917888563,0.0,1.0,0.0,0.0
1197,phenomenon,1,NN,0.0005865102639296188,0.0,1.0,0.0,0.0
1200,astronomical,1,JJ,0.0005865102639296188,0.0,1.0,0.0,0.0
1201,forcing,1,NN,0.0005865102639296188,0.0,1.0,0.0,0.0
1203,causes,3,VBZ,0.0017595307917888563,0.0,1.0,0.0,0.0
1227,significant,2,JJ,0.0011730205278592375,0.0,0.0,1.0,0.2023
1229,affecting,1,VBG,0.0005865102639296188,0.0,1.0,0.0,0.0
1236,pull,1,NN,0.0005865102639296188,0.0,1.0,0.0,0.0
1239,moon,1,NN,0.0005865102639296188,0.0,1.0,0.0,0.0
1247,orientation,1,NN,0.0005865102639296188,0.0,1.0,0.0,0.0
1291,percent,1,NN,0.0005865102639296188,0.0,1.0,0.0,0.0
1301,tens,1,NNS,0.0005865102639296188,0.0,1.0,0.0,0.0
1310,effect,1,NN,0.0005865102639296188,0.0,1.0,0.0,0.0
1314,climate,2,NN,0.0011730205278592375,0.0,1.0,0.0,0.0
1316,environment,1,NN,0.0005865102639296188,0.0,1.0,0.0,0.0
1319,minor,1,JJ,0.0005865102639296188,0.0,1.0,0.0,0.0
1330,contributing,1,VBG,0.0005865102639296188,0.0,1.0,0.0,0.0
1332,long-term,1,JJ,0.0005865102639296188,0.0,1.0,0.0,0.0
1339,based,3,VBN,0.0017595307917888563,0.0,1.0,0.0,0.0
1341,existing,1,VBG,0.0005865102639296188,0.0,1.0,0.0,0.0
1342,literature,1,NN,0.0005865102639296188,0.0,1.0,0.0,0.0
1344,expert,1,JJ,0.0005865102639296188,0.0,1.0,0.0,0.0
1345,physicists,2,NNS,0.0011730205278592375,0.0,1.0,0.0,0.0
1351,likely,1,JJ,0.0005865102639296188,0.0,1.0,0.0,0.0
1358,scientific,2,JJ,0.0011730205278592375,0.0,1.0,0.0,0.0
1359,understanding,3,VBG,0.0017595307917888563,0.0,1.0,0.0,0.0
1365,believed,1,VBN,0.0005865102639296188,0.0,1.0,0.0,0.0
1429,being,1,VBG,0.0005865102639296188,0.0,1.0,0.0,0.0
1432,dying,1,VBG,0.0005865102639296188,0.0,1.0,0.0,0.0
1486,note,1,VB,0.0005865102639296188,0.0,1.0,0.0,0.0
1504,subject,1,JJ,0.0005865102639296188,0.0,1.0,0.0,0.0
1506,revision,1,NN,0.0005865102639296188,0.0,1.0,0.0,0.0
1508,new,1,JJ,0.0005865102639296188,0.0,1.0,0.0,0.0
1509,data,1,NNS,0.0005865102639296188,0.0,1.0,0.0,0.0
1511,observations,1,NNS,0.0005865102639296188,0.0,1.0,0.0,0.0
1512,become,2,VBP,0.0011730205278592375,0.0,1.0,0.0,0.0
1513,available,1,JJ,0.0005865102639296188,0.0,1.0,0.0,0.0
1519,body,1,NN,0.0005865102639296188,0.0,1.0,0.0,0.0
1521,evidence,1,NN,0.0005865102639296188,0.0,1.0,0.0,0.0
1524,unlikely,1,JJ,0.0005865102639296188,0.0,1.0,0.0,0.0
1535,ok,1,JJ,0.0005865102639296188,0.0,0.0,1.0,0.296
1536,how,1,WRB,0.0005865102639296188,0.0,1.0,0.0,0.0
1550,distances,1,NNS,0.0005865102639296188,0.0,1.0,0.0,0.0
1561,discovered,1,VBN,0.0005865102639296188,0.0,1.0,0.0,0.0
1564,astronomer,1,NN,0.0005865102639296188,0.0,1.0,0.0,0.0
1565,edwin,1,NN,0.0005865102639296188,0.0,1.0,0.0,0.0
1566,hubble,2,NN,0.0011730205278592375,0.0,1.0,0.0,0.0
1569,1920s,1,NNS,0.0005865102639296188,0.0,1.0,0.0,0.0
1570,who,1,WP,0.0005865102639296188,0.0,1.0,0.0,0.0
1571,observed,1,VBD,0.0005865102639296188,0.0,1.0,0.0,0.0
1574,were,1,VBD,0.0005865102639296188,0.0,1.0,0.0,0.0
1576,away,1,RB,0.0005865102639296188,0.0,1.0,0.0,0.0
1578,us,1,PRP,0.0005865102639296188,0.0,1.0,0.0,0.0
1580,speeds,1,NNS,0.0005865102639296188,0.0,1.0,0.0,0.0
1581,proportional,1,JJ,0.0005865102639296188,0.0,1.0,0.0,0.0
1586,relationship,1,NN,0.0005865102639296188,0.0,1.0,0.0,0.0
1588,now,1,RB,0.0005865102639296188,0.0,1.0,0.0,0.0
1589,known,1,VBN,0.0005865102639296188,0.0,1.0,0.0,0.0
1592,law,1,NN,0.0005865102639296188,0.0,1.0,0.0,0.0
1595,widely,1,RB,0.0005865102639296188,0.0,1.0,0.0,0.0
1596,accepted,1,JJ,0.0005865102639296188,0.0,0.0,1.0,0.2732
1597,explanation,1,NN,0.0005865102639296188,0.0,1.0,0.0,0.0
1603,big,1,JJ,0.0005865102639296188,0.0,1.0,0.0,0.0
1604,bang,1,NN,0.0005865102639296188,0.0,1.0,0.0,0.0
1605,theory,1,NN,0.0005865102639296188,0.0,1.0,0.0,0.0
1607,posits,1,VBZ,0.0005865102639296188,0.0,1.0,0.0,0.0
1611,began,1,VBD,0.0005865102639296188,0.0,1.0,0.0,0.0
1614,very,1,RB,0.0005865102639296188,0.0,1.0,0.0,0.0
1615,hot,1,JJ,0.0005865102639296188,0.0,1.0,0.0,0.0
1617,dense,1,JJ,0.0005865102639296188,0.0,1.0,0.0,0.0
1620,13.8,1,CD,0.0005865102639296188,0.0,1.0,0.0,0.0
1621,billion,1,CD,0.0005865102639296188,0.0,1.0,0.0,0.0
1629,cooling,1,VBG,0.0005865102639296188,0.0,1.0,0.0,0.0
1630,ever,1,RB,0.0005865102639296188,0.0,1.0,0.0,0.0
1631,since,1,IN,0.0005865102639296188,0.0,1.0,0.0,0.0
1635,expands,1,VBZ,0.0005865102639296188,0.0,0.0,1.0,0.1027
1640,becomes,1,VBZ,0.0005865102639296188,0.0,1.0,0.0,0.0
1642,spread,1,JJ,0.0005865102639296188,0.0,1.0,0.0,0.0
1643,out,1,IN,0.0005865102639296188,0.0,1.0,0.0,0.0
1651,weaker,1,NN,0.0005865102639296188,1.0,0.0,0.0,-0.4404
1657,accelerate,1,VB,0.0005865102639296188,0.0,1.0,0.0,0.0
1660,rather,1,RB,0.0005865102639296188,0.0,1.0,0.0,0.0
1662,slowing,1,VBG,0.0005865102639296188,0.0,1.0,0.0,0.0
1663,down,1,RP,0.0005865102639296188,0.0,1.0,0.0,0.0
1665,might,1,MD,0.0005865102639296188,0.0,1.0,0.0,0.0
1667,expected,1,VBN,0.0005865102639296188,0.0,1.0,0.0,0.0
1677,topic,1,NN,0.0005865102639296188,0.0,1.0,0.0,0.0
1679,active,1,JJ,0.0005865102639296188,0.0,0.0,1.0,0.4019
1680,research,1,NN,0.0005865102639296188,0.0,1.0,0.0,0.0
1683,astronomers,1,NNS,0.0005865102639296188,0.0,1.0,0.0,0.0
1687,developed,1,VBN,0.0005865102639296188,0.0,1.0,0.0,0.0
1689,detailed,1,JJ,0.0005865102639296188,0.0,1.0,0.0,0.0
1693,properties,1,NNS,0.0005865102639296188,0.0,1.0,0.0,0.0
1695,behavior,1,NN,0.0005865102639296188,0.0,1.0,0.0,0.0
1700,observational,1,JJ,0.0005865102639296188,0.0,1.0,0.0,0.0
1703,theoretical,1,JJ,0.0005865102639296188,0.0,1.0,0.0,0.0
1704,models,1,NNS,0.0005865102639296188,0.0,1.0,0.0,0.0
